-- phpMyAdmin SQL Dump
-- version 3.5.7
-- http://www.phpmyadmin.net
--
-- Хост: localhost
-- Время создания: Окт 22 2014 г., 08:23
-- Версия сервера: 5.5.28-log
-- Версия PHP: 5.3.22

SET time_zone = "+00:00";


/*!40101 SET @OLD_CHARACTER_SET_CLIENT=@@CHARACTER_SET_CLIENT */;
/*!40101 SET @OLD_CHARACTER_SET_RESULTS=@@CHARACTER_SET_RESULTS */;
/*!40101 SET @OLD_COLLATION_CONNECTION=@@COLLATION_CONNECTION */;
/*!40101 SET NAMES cp1251 */;

--
-- База данных: `ubiquiti`
--

-- --------------------------------------------------------

--
-- Структура таблицы `device`
--

CREATE TABLE IF NOT EXISTS `device` (
  `ID` int(11) NOT NULL,
  `device_type` int(11) NOT NULL COMMENT 'Тип устройства',
  `serial` varchar(30) DEFAULT NULL COMMENT 'Серийный номер устройства',
  `status` int(11) NOT NULL COMMENT 'Ссылка на статус устройства',
  `equipment` int(11) DEFAULT NULL COMMENT 'Оборудовние, где установлено устройство',
  `comment` text NOT NULL,
  `device_link` int(11) NOT NULL COMMENT 'Ссылка на строку таблицы типа устройства'
) TYPE=MyISAM COMMENT='Устройство';

-- --------------------------------------------------------

--
-- Структура таблицы `device_events`
--

CREATE TABLE IF NOT EXISTS `device_events` (
  `ID` int(11) NOT NULL AUTO_INCREMENT,
  `device` int(11) NOT NULL,
  `equipment` int(11) NOT NULL,
  `ref_event_type` int(11) NOT NULL,
  `date` date NOT NULL,
  PRIMARY KEY (`ID`)
) TYPE=MyISAM COMMENT='События по снятию и установке устройств' AUTO_INCREMENT=1 ;

-- --------------------------------------------------------

--
-- Структура таблицы `equipment`
--

CREATE TABLE IF NOT EXISTS `equipment` (
  `id` bigint(20) unsigned NOT NULL AUTO_INCREMENT,
  `name` varchar(50) DEFAULT NULL,
  `equipment_type` int(11) NOT NULL,
  `ip_address` varchar(50) NOT NULL DEFAULT '',
  `comment` text,
  `useInMonitoring` tinyint(1) NOT NULL DEFAULT '1' COMMENT 'Флаг использования в программе мониторинга',
  `LastGPSDateTime` datetime NOT NULL,
  PRIMARY KEY (`id`)
) TYPE=MyISAM  AUTO_INCREMENT=102 ;

--
-- Дамп данных таблицы `equipment`
--

INSERT INTO `equipment` (`id`, `name`, `equipment_type`, `ip_address`, `comment`, `useInMonitoring`, `LastGPSDateTime`) VALUES
(51, 'EX136', 2, '10.70.123.60', NULL, 1, '2014-10-22 08:06:22'),
(2, 'SMOTROVAYA', 3, '10.70.120.15', NULL, 1, '0000-00-00 00:00:00'),
(4, 'GBM', 3, '10.70.120.18', NULL, 1, '0000-00-00 00:00:00'),
(5, 'A100', 1, '10.70.123.1', NULL, 1, '2014-10-22 08:11:26'),
(6, 'A102', 1, '10.70.123.2', NULL, 1, '2014-10-22 08:09:52'),
(7, 'A103', 1, '10.70.123.3', NULL, 1, '2014-10-22 06:35:40'),
(8, 'A104', 1, '10.70.123.4', NULL, 1, '2014-10-22 08:07:48'),
(9, 'A105', 1, '10.70.123.5', NULL, 1, '2014-10-22 08:10:05'),
(10, 'A106', 1, '10.70.123.6', NULL, 0, '0000-00-00 00:00:00'),
(11, 'A107', 1, '10.70.123.7', NULL, 1, '2014-10-22 04:21:29'),
(12, 'A108', 1, '10.70.123.8', NULL, 0, '0000-00-00 00:00:00'),
(13, 'A109', 1, '10.70.123.9', NULL, 1, '2014-10-22 08:11:05'),
(14, 'A110', 1, '10.70.123.10', NULL, 0, '0000-00-00 00:00:00'),
(15, 'A111', 1, '10.70.123.11', NULL, 1, '2014-10-22 08:07:02'),
(16, 'A112', 1, '10.70.123.12', NULL, 1, '2014-10-22 08:04:44'),
(17, 'A113', 1, '10.70.123.13', NULL, 1, '2014-10-22 04:35:22'),
(18, 'A114', 1, '10.70.123.14', NULL, 1, '2014-10-22 08:07:31'),
(19, 'A115', 1, '10.70.123.15', NULL, 1, '2014-10-22 08:09:03'),
(20, 'A116', 1, '10.70.123.16', NULL, 1, '2014-10-22 08:07:29'),
(21, 'A117', 1, '10.70.123.17', NULL, 1, '2014-10-22 08:05:41'),
(22, 'A118', 1, '10.70.123.18', NULL, 1, '2014-10-22 08:12:37'),
(23, 'A119', 1, '10.70.123.19', NULL, 1, '2014-10-22 08:12:11'),
(24, 'A120', 1, '10.70.123.20', NULL, 1, '2014-10-22 08:10:31'),
(25, 'A121', 1, '10.70.123.21', NULL, 1, '2014-10-22 08:08:47'),
(26, 'A122', 1, '10.70.123.22', NULL, 1, '2014-10-22 08:11:51'),
(27, 'A123', 1, '10.70.123.23', NULL, 1, '2014-10-22 07:52:52'),
(28, 'A124', 1, '10.70.123.24', NULL, 1, '0000-00-00 00:00:00'),
(29, 'A125', 1, '10.70.123.25', NULL, 1, '2014-10-22 08:08:10'),
(30, 'A126', 1, '10.70.123.26', NULL, 1, '2014-10-22 08:11:09'),
(31, 'A127', 1, '10.70.123.27', NULL, 1, '2014-10-22 08:10:02'),
(32, 'A128', 1, '10.70.123.28', NULL, 1, '2014-10-22 08:12:42'),
(33, 'A129', 1, '10.70.123.29', NULL, 1, '2014-10-22 08:09:47'),
(34, 'A130', 1, '10.70.123.30', NULL, 1, '2014-10-18 01:47:01'),
(35, 'EX051', 2, '10.70.123.67', NULL, 0, '0000-00-00 00:00:00'),
(36, 'EX110', 2, '10.70.123.69', NULL, 0, '0000-00-00 00:00:00'),
(37, 'EX112', 2, '10.70.123.70', NULL, 0, '0000-00-00 00:00:00'),
(38, 'EX118', 2, '10.70.123.71', NULL, 1, '2014-10-22 08:06:00'),
(39, 'EX119', 2, '10.70.123.72', NULL, 0, '0000-00-00 00:00:00'),
(40, 'EX139', 2, '10.70.123.85', NULL, 0, '0000-00-00 00:00:00'),
(41, 'EX121', 2, '10.70.123.74', NULL, 1, '2014-10-22 08:12:02'),
(42, 'EX123', 2, '10.70.123.61', NULL, 0, '0000-00-00 00:00:00'),
(43, 'EX125', 2, '10.70.123.75', NULL, 1, '2014-10-22 08:09:39'),
(44, 'EX126', 2, '10.70.123.76', NULL, 1, '2014-10-22 08:09:39'),
(45, 'EX127', 2, '10.70.123.77', NULL, 1, '0000-00-00 00:00:00'),
(46, 'EX130', 2, '10.70.123.84', NULL, 1, '0000-00-00 00:00:00'),
(47, 'EX132', 2, '10.70.123.63', NULL, 0, '0000-00-00 00:00:00'),
(48, 'EX133', 2, '10.70.123.64', NULL, 1, '0000-00-00 00:00:00'),
(49, 'EX134', 2, '10.70.123.65', NULL, 1, '0000-00-00 00:00:00'),
(50, 'EX135', 2, '10.70.123.66', NULL, 1, '0000-00-00 00:00:00'),
(52, 'EX137', 2, '10.70.123.78', NULL, 1, '2014-10-09 20:26:24'),
(53, 'EX142', 2, '10.70.123.79', NULL, 1, '2014-10-22 08:09:18'),
(54, 'EX143', 2, '10.70.123.68', NULL, 0, '0000-00-00 00:00:00'),
(55, 'EX144', 2, '10.70.123.80', NULL, 1, '2014-10-22 08:07:54'),
(56, 'EX145', 2, '10.70.123.81', NULL, 1, '2014-10-22 08:10:18'),
(58, 'Peregruzka_11', 3, '10.70.120.19', NULL, 1, '0000-00-00 00:00:00'),
(61, 'PS_9_Rocket', 3, '10.70.120.17', NULL, 1, '0000-00-00 00:00:00'),
(62, 'QVARZITNAYA2', 3, '10.70.120.16', NULL, 1, '0000-00-00 00:00:00'),
(65, 'Stoyanka_GBM', 3, '10.70.120.21', NULL, 0, '0000-00-00 00:00:00'),
(83, 'EX146', 2, '10.70.123.86', NULL, 1, '2014-10-22 08:07:44'),
(67, 'A131', 1, '10.70.123.31', NULL, 1, '2014-10-22 08:09:30'),
(69, 'A132', 1, '10.70.123.32', NULL, 1, '2014-10-22 08:10:11'),
(71, 'A134', 1, '10.70.123.34', NULL, 1, '2014-10-22 08:08:36'),
(73, 'A135', 1, '10.70.123.35', NULL, 1, '2014-10-22 08:06:27'),
(75, 'A136', 1, '10.70.123.36', NULL, 1, '2014-10-22 08:10:46'),
(77, 'A101', 1, '10.70.123.101', NULL, 1, '2014-10-22 08:07:24'),
(79, 'A133', 1, '10.70.123.33', NULL, 1, '2014-10-22 08:13:02'),
(81, 'EX120', 2, '10.70.123.73', NULL, 1, '2014-10-22 08:05:05'),
(85, 'EX96', 2, '10.70.123.87', NULL, 0, '0000-00-00 00:00:00'),
(87, 'EX1', 2, '10.70.123.89', NULL, 1, '2014-10-22 08:08:26'),
(89, 'EX4', 2, '10.70.123.90', NULL, 1, '2014-10-22 08:05:40'),
(91, 'EX5', 2, '10.70.123.91', NULL, 1, '2014-10-22 07:56:55'),
(95, 'EX8', 2, '10.70.123.92', NULL, 1, '2014-10-22 07:57:09'),
(97, 'EX9', 2, '10.70.123.93', NULL, 1, '2014-10-22 08:10:08'),
(101, 'A137', 1, '10.70.123.37', NULL, 1, '2014-10-22 08:08:47');

-- --------------------------------------------------------

--
-- Структура таблицы `interface_monitoring_off`
--

CREATE TABLE IF NOT EXISTS `interface_monitoring_off` (
  `id` int(11) NOT NULL AUTO_INCREMENT,
  `equipment` int(11) NOT NULL COMMENT 'Оборудование, на котором произошло отключение мониторинга',
  `ref_interface` int(11) NOT NULL COMMENT 'Интерфейс с отключенным мониторингом',
  `Active` tinyint(4) NOT NULL DEFAULT '1' COMMENT 'Является ли отключение активным',
  `datetimestart` datetime NOT NULL,
  `datetimeend` datetime DEFAULT NULL,
  `reason` varchar(255) NOT NULL COMMENT 'Причина неработы интерфейса',
  `reason_category` tinyint(1) NOT NULL DEFAULT '0',
  `FIO` varchar(100) NOT NULL COMMENT 'ФИО сообщившего',
  PRIMARY KEY (`id`),
  KEY `equipment` (`equipment`,`ref_interface`)
) TYPE=MyISAM  COMMENT='Таблица отключений мониторинга' AUTO_INCREMENT=236 ;

--
-- Дамп данных таблицы `interface_monitoring_off`
--

INSERT INTO `interface_monitoring_off` (`id`, `equipment`, `ref_interface`, `Active`, `datetimestart`, `datetimeend`, `reason`, `reason_category`, `FIO`) VALUES
(6, 25, 1, 0, '2013-09-16 08:21:37', '2013-10-31 11:36:36', 'Установлена система ВИМС', 0, 'Рощупкин А.В.'),
(8, 29, 1, 0, '2013-09-16 08:21:51', '2013-10-07 13:37:29', 'Установлена система ВИСТ', 0, 'Рощупкин А.В.'),
(10, 31, 1, 0, '2013-09-16 08:22:07', '2013-10-31 11:36:38', 'Установлена система ВИСТ', 0, 'Рощупкин А.В.'),
(12, 19, 1, 0, '2013-09-16 08:22:54', '2013-12-04 14:07:50', 'Отсутствуют датчики', 0, 'Рощупкин А.В.'),
(17, 67, 1, 0, '2013-09-16 10:02:01', '2013-10-31 11:36:42', 'Не установлен VEI. Собран из ЗИП', 0, 'Рощупкин А.В.'),
(30, 27, 1, 0, '2013-09-16 17:16:47', '2013-09-17 09:35:23', 'Отсутствует кабель Vei-GSP', 0, 'Рощупкин А.В.'),
(32, 10, 1, 0, '2013-09-17 09:51:23', '2013-09-18 11:24:38', 'На мониторе No Link Connected. Неисправность передана в АТУ.', 0, 'Рощупкин А.В.'),
(33, 10, 1, 0, '2013-09-18 11:27:57', '2013-09-19 09:13:59', 'На сониторе VEI No Link. Информация передана в АТУ', 0, 'Рощупкин А.В.'),
(35, 5, 1, 0, '2013-09-18 15:13:16', '2013-10-31 11:36:33', 'СКЗ ВИСТ', 0, 'Антонюк Э.Д.'),
(37, 8, 1, 0, '2013-09-18 15:13:23', '2013-09-19 10:17:56', 'ППР', 0, 'Антонюк Э.Д.'),
(39, 21, 1, 0, '2013-10-01 12:42:39', '2013-10-03 09:07:11', 'NO LINKS', 0, 'Антонюк ЭД'),
(41, 26, 1, 0, '2013-10-07 13:35:27', '2013-10-07 14:05:21', '111', 1, '111'),
(43, 29, 1, 0, '2013-10-07 13:37:55', '2013-10-07 13:57:52', 'Установлен СКЗ ВИСТ', 1, 'Рощупкин А.В.'),
(45, 29, 1, 0, '2013-10-07 13:58:26', '2013-10-31 11:36:40', 'Установлен СКЗ ВИСТ', 0, 'Рощупкин А.В.'),
(47, 33, 1, 0, '2013-10-07 14:29:27', '2013-10-07 14:51:37', 'Тестовое выключение', 1, 'Рощупкин А.В.'),
(49, 33, 1, 0, '2013-10-07 14:52:03', '2013-10-07 14:54:00', 'Тестовое выключение', 1, 'Рощупкин'),
(51, 8, 1, 0, '2013-10-08 16:06:08', '2013-10-14 08:54:06', 'нет связи', 1, 'Антонюк'),
(53, 26, 1, 0, '2013-10-08 16:06:18', '2013-10-14 08:54:03', 'Нет связи', 1, 'Антонюк'),
(55, 18, 1, 0, '2013-10-08 16:52:06', '2013-10-08 16:53:22', 'Неисправность', 1, 'Рощупкин'),
(57, 28, 1, 0, '2013-10-11 14:35:51', '2013-10-14 08:54:00', 'Нет сигнала после ремонтных работ 9/10  !', 1, 'Антонюк'),
(59, 29, 1, 0, '2013-10-31 11:37:11', '2013-10-31 11:37:22', 'СКЗ ВИСТ', 1, 'Антонюк'),
(61, 29, 1, 1, '2013-10-31 11:37:48', NULL, 'СКЗ ВИСТ', 0, 'Антонюк'),
(63, 25, 1, 0, '2013-10-31 11:40:37', '2013-11-27 08:55:13', 'СКЗ VIMS', 0, 'Антонюк'),
(65, 67, 1, 0, '2013-10-31 11:41:08', '2013-12-20 10:34:17', 'Монтаж системы', 0, 'Антонюк'),
(67, 69, 1, 0, '2013-10-31 11:41:22', '2013-12-20 10:34:14', 'Монтаж системы', 0, 'Антонюк'),
(69, 31, 1, 0, '2013-10-31 11:41:37', '2014-01-20 12:24:25', '', 1, 'Антонюк'),
(71, 5, 1, 0, '2013-10-31 11:42:05', '2013-10-31 11:42:10', '', 1, 'Антонюк'),
(73, 5, 1, 1, '2013-10-31 11:42:16', NULL, '', 0, 'Антонюк'),
(75, 25, 1, 0, '2013-11-27 16:29:59', '2014-01-20 12:24:50', 'Установлен VIMS', 0, 'Антонюк'),
(77, 69, 1, 0, '2013-12-20 11:07:18', '2013-12-20 15:09:47', 'Установлен ВИСТ', 0, 'Антонюк'),
(79, 67, 1, 0, '2013-12-20 11:08:04', '2013-12-20 11:08:11', '', 0, 'Антонюк'),
(81, 67, 1, 0, '2013-12-20 11:08:22', '2013-12-20 15:09:46', 'Установлен ВИСТ', 0, 'Антонюк'),
(83, 69, 1, 1, '2013-12-20 15:32:11', NULL, 'Установлен ВИСТ', 0, 'Антонюк'),
(85, 67, 1, 0, '2013-12-20 15:32:24', '2014-02-18 08:14:47', 'Установлен ВИСТ', 0, 'Антонюк'),
(87, 25, 1, 1, '2014-01-20 12:25:20', NULL, 'Установлена система VIMS', 0, 'Антонюк'),
(89, 31, 1, 1, '2014-01-20 12:25:50', NULL, 'СКЗ ВИСТ', 0, 'Антонюк'),
(91, 7, 1, 0, '2014-02-12 16:07:03', '2014-08-23 21:53:04', 'снят блок DUMPER', 1, 'Антонюк'),
(93, 67, 1, 0, '2014-02-18 08:15:02', '2014-08-23 21:54:00', 'ВИСТ', 0, 'Антонюк'),
(95, 18, 5, 0, '2014-02-24 15:46:56', '2014-02-24 16:34:15', 'Находится на длительном ремонте', 0, 'Рощупкин А.В.'),
(97, 28, 5, 0, '2014-02-24 15:48:02', '2014-02-24 16:34:25', 'Большое количество потерянных пакетов', 1, 'Рощупкин А.В.'),
(99, 5, 5, 0, '2014-02-24 16:34:52', '2014-02-24 16:35:47', 'Проверка', 1, 'Рощупкин А.В.'),
(101, 6, 5, 0, '2014-02-24 16:42:34', '2014-02-24 16:43:17', 'Проверка', 1, 'Рощупкин А.В.'),
(103, 10, 5, 0, '2014-02-24 16:42:57', '2014-02-24 16:43:12', 'Проверка', 0, 'Рощупкин А.В.'),
(105, 15, 3, 0, '2014-02-24 16:46:46', '2014-02-24 16:47:48', 'Проверка', 1, 'Рощупкин А.В.'),
(107, 6, 3, 0, '2014-02-24 16:47:25', '2014-02-24 16:47:35', 'Проверка', 1, 'Рощупкин А.В.'),
(109, 77, 1, 1, '2014-03-04 08:32:13', NULL, 'ВИСТ', 0, 'Антонюк'),
(111, 71, 1, 1, '2014-03-04 08:37:23', NULL, 'подключен VIMS', 0, 'Антонюк'),
(113, 73, 1, 1, '2014-03-04 08:37:41', NULL, 'Подключен VIMS', 0, 'Антонюк'),
(115, 79, 1, 1, '2014-03-06 10:13:46', NULL, 'ВИСТ', 0, 'Антонюк'),
(117, 75, 1, 1, '2014-03-06 10:14:00', NULL, 'VIMS', 0, 'Антонюк'),
(119, 33, 5, 0, '2014-04-14 23:34:12', '2014-04-14 23:34:32', 'Тестирование', 1, 'Рощупкин А.В.'),
(121, 28, 5, 0, '2014-04-15 10:15:54', '2014-04-15 10:17:59', 'сломалась', 1, 'Бурцев'),
(123, 19, 5, 0, '2014-04-15 16:54:09', '2014-04-15 16:55:39', 'ftdyd', 1, 'trff'),
(125, 54, 5, 1, '2014-04-15 16:56:07', NULL, 'нету', 0, 'Зиновьев'),
(127, 6, 5, 0, '2014-04-16 10:02:52', '2014-04-16 10:04:46', 'Тест', 1, 'Рощупкин'),
(129, 6, 3, 0, '2014-04-16 10:04:58', '2014-04-16 10:05:45', 'Тест', 1, 'Рощупкин'),
(131, 5, 5, 0, '2014-04-16 10:13:22', '2014-04-16 11:02:24', 'Тест', 1, 'Рощупкин'),
(133, 5, 5, 0, '2014-04-16 14:53:07', '2014-04-16 15:12:15', 'Тест', 1, 'Рощупкин'),
(135, 79, 3, 0, '2014-04-16 14:53:25', '2014-04-16 15:12:26', 'Тест', 1, 'Рощупкин'),
(137, 89, 5, 0, '2014-04-16 18:54:11', '2014-04-16 22:36:28', 'Отключение ЛЭП, видимо не поставил статус задержка!', 0, 'Бурцев Р.А.'),
(139, 14, 5, 0, '2014-04-16 21:21:42', '2014-04-16 22:31:04', 'С 19:30 в пределах нормы', 0, 'Бурцев Р.А.'),
(141, 14, 5, 0, '2014-04-16 22:31:47', '2014-04-16 22:35:03', 'С 19:30 в пределах нормы', 0, 'Бурцев Р.А.'),
(143, 14, 5, 0, '2014-04-16 22:35:45', '2014-04-17 08:56:07', 'Учитывает потери в статусе пересменка при выключенном PTX', 1, 'Бурцев Р.А.'),
(145, 24, 5, 0, '2014-04-24 21:18:46', '2014-04-25 00:29:43', '0', 1, 'Бурцев'),
(147, 73, 5, 0, '2014-04-28 20:09:00', '2014-04-28 21:30:19', 'Ожидание погрузки со статусом готов\r\n', 1, 'Бурцев'),
(149, 19, 5, 0, '2014-04-28 21:29:52', '2014-04-28 22:07:28', 'временно', 1, 'Бурцев'),
(151, 73, 5, 0, '2014-04-28 21:30:30', '2014-04-28 22:08:11', 'временно\r\n', 1, 'Бурцев'),
(153, 19, 5, 0, '2014-04-28 22:08:05', '2014-04-29 01:12:27', 'С начала смены <2%', 1, 'Бурцев'),
(155, 73, 5, 0, '2014-04-28 22:08:20', '2014-04-29 01:12:33', 'С начала смены <2%', 1, 'Бурцев'),
(157, 87, 5, 0, '2014-05-02 19:34:15', '2014-05-03 06:12:33', '1', 1, 'Б'),
(159, 26, 5, 0, '2014-05-05 07:34:33', '2014-05-05 12:10:36', 'я в курсе', 1, 'Б'),
(161, 75, 5, 0, '2014-05-05 13:50:36', '2014-05-05 18:37:00', 'Заменил антенну\r\n', 1, 'Б'),
(163, 21, 5, 0, '2014-05-06 20:18:48', '2014-05-06 20:37:40', '1\r\n\r\n', 1, 'Б'),
(165, 21, 5, 0, '2014-05-06 20:37:52', '2014-05-06 23:55:47', 'Жалоб нет\r\n', 1, 'Б'),
(167, 87, 5, 0, '2014-05-14 22:05:21', '2014-05-15 00:39:45', 'ошибка рассчетов', 1, 'Б'),
(169, 53, 5, 0, '2014-05-17 11:11:48', '2014-05-17 18:02:53', '1\r\n', 1, 'Б'),
(171, 28, 5, 0, '2014-05-17 18:03:21', '2014-05-18 18:43:00', 'Ошибка OMS', 1, 'Б'),
(173, 67, 5, 0, '2014-05-18 22:03:43', '2014-05-19 00:17:09', 'жалоб нет', 1, 'Б'),
(175, 11, 5, 0, '2014-05-22 21:21:46', '2014-05-23 09:14:00', '1', 1, 'Б'),
(177, 87, 5, 0, '2014-05-22 21:21:58', '2014-05-25 07:33:08', '1\r\n', 1, 'Б'),
(179, 11, 5, 0, '2014-05-25 17:24:44', '2014-05-26 08:06:41', '1', 1, 'Б'),
(181, 55, 5, 0, '2014-05-25 18:03:06', '2014-05-26 13:21:29', 'диспетчер не поставил статус поломка\r\n', 1, 'Б'),
(183, 51, 5, 0, '2014-05-26 21:19:43', '2014-05-27 08:35:11', 'отключение ЛЭП', 1, 'Б'),
(185, 34, 5, 0, '2014-05-26 22:49:21', '2014-05-27 08:35:01', 'сломан', 1, 'Б'),
(187, 55, 5, 0, '2014-06-03 19:48:30', '2014-06-03 20:12:09', 'нет авто\r\n', 1, 'Б'),
(189, 27, 5, 0, '2014-06-10 15:23:52', '2014-06-11 09:16:27', '1', 1, 'Б'),
(191, 87, 5, 0, '2014-06-14 15:32:50', '2014-06-15 19:33:12', 'нет сети\r\n', 1, 'Б'),
(193, 48, 5, 0, '2014-06-14 15:33:06', '2014-06-15 19:33:08', 'нет сети\r\n', 1, 'Б'),
(195, 55, 5, 0, '2014-06-14 15:33:25', '2014-06-15 19:32:03', 'нет сети', 1, 'Б'),
(197, 91, 5, 0, '2014-06-14 15:33:36', '2014-06-15 19:33:16', 'сети', 1, 'Б'),
(199, 27, 5, 0, '2014-06-18 14:45:41', '2014-06-18 16:02:52', '1', 1, 'Б'),
(201, 67, 5, 0, '2014-06-27 08:34:41', '2014-06-27 13:24:00', 'неизвестна', 1, 'Прасолов В.Ю.'),
(203, 39, 5, 0, '2014-06-30 12:15:42', '2014-06-30 12:56:17', '1', 1, 'Б'),
(205, 55, 5, 0, '2014-07-13 14:40:12', '2014-07-14 15:35:21', 'Часто отключается (не отдают в ремонт)', 1, 'Прасолов В.Ю.'),
(207, 85, 5, 0, '2014-07-29 15:35:51', '2014-07-29 15:52:09', 'Снят комплект Modular', 0, 'Прасолов В.Ю.'),
(209, 55, 5, 0, '2014-08-15 00:01:50', '2014-08-15 06:12:51', '1', 1, '1'),
(211, 83, 5, 0, '2014-08-17 09:39:31', '2014-08-17 18:18:52', '1', 1, '1'),
(213, 56, 5, 0, '2014-08-26 18:00:40', '2014-08-26 18:43:38', 'Отключен PTX', 0, 'Прасолов В.Ю.'),
(215, 23, 5, 0, '2014-09-26 10:58:32', '2014-09-26 12:39:32', '14', 1, '1'),
(217, 41, 5, 0, '2014-09-30 12:06:09', '2014-10-01 07:08:46', '1', 1, '1'),
(219, 97, 5, 0, '2014-10-01 21:07:42', '2014-10-02 00:10:32', '1\r\n', 1, '1'),
(221, 53, 5, 0, '2014-10-01 23:50:21', '2014-10-02 06:07:37', '1', 1, '1'),
(223, 55, 5, 0, '2014-10-02 00:10:23', '2014-10-02 06:07:41', '1\r\n', 1, '1'),
(225, 91, 5, 0, '2014-10-06 03:07:21', '2014-10-06 06:14:33', '1', 1, '1'),
(227, 73, 7, 0, '2014-10-06 10:55:49', '2014-10-06 13:32:23', 'Требует выезда в карьер', 1, 'Рощупкин А.В.'),
(229, 33, 5, 0, '2014-10-11 00:29:48', '2014-10-11 00:29:48', '1', 1, '1'),
(231, 33, 5, 0, '2014-10-11 00:30:03', '2014-10-11 00:30:03', '1', 1, '1'),
(233, 33, 5, 0, '2014-10-11 00:30:12', '2014-10-11 00:30:12', 'ohlhjhvjlhflhvjlv', 1, '1'),
(235, 33, 5, 0, '2014-10-11 00:30:28', '2014-10-11 00:30:28', 'vjlvlvhlvlvklkl', 1, 'cklvkjlvkjlb');

-- --------------------------------------------------------

--
-- Структура таблицы `log`
--

CREATE TABLE IF NOT EXISTS `log` (
  `datetime` datetime NOT NULL,
  `message` char(255) NOT NULL,
  PRIMARY KEY (`datetime`)
) TYPE=MyISAM;

--
-- Дамп данных таблицы `log`
--

INSERT INTO `log` (`datetime`, `message`) VALUES
('2014-05-30 11:27:00', 'xreboot on 10.70.122.82 execute success'),
('2014-05-30 15:03:18', 'xreboot on 10.70.122.25 execute success'),
('2014-05-30 16:12:44', 'xreboot on 10.70.122.25 execute success'),
('2014-05-31 13:24:21', 'xreboot on 10.70.122.25 execute success'),
('2014-05-31 15:30:23', 'xreboot on 10.70.122.87 execute success'),
('2014-05-31 17:28:12', 'xreboot on 10.70.122.87 execute success'),
('2014-06-01 00:15:01', 'xreboot on 10.70.122.36 execute success'),
('2014-06-01 00:29:35', 'xreboot on 10.70.122.36 execute success'),
('2014-06-01 04:25:07', 'xreboot on 10.70.122.36 execute success'),
('2014-06-01 19:27:02', 'xreboot on 10.70.122.36 execute success'),
('2014-06-02 13:15:40', 'xreboot on 10.70.122.101 execute success'),
('2014-06-02 17:32:29', 'xreboot on 10.70.122.36 execute success'),
('2014-06-03 08:13:10', 'xreboot on 10.70.122.36 execute success'),
('2014-06-03 10:47:35', 'xreboot on 10.70.122.27 execute success'),
('2014-06-03 16:54:01', 'xreboot on 10.70.122.89 execute success'),
('2014-06-03 16:59:09', 'xreboot on 10.70.122.89 execute success'),
('2014-06-04 08:24:53', 'xreboot on 10.70.122.25 execute success'),
('2014-06-05 00:36:14', 'xreboot on 10.70.122.18 execute success'),
('2014-06-07 02:24:03', 'xreboot on 10.70.122.89 execute success'),
('2014-06-07 03:51:24', 'xreboot on 10.70.122.10 execute success'),
('2014-06-08 18:24:03', 'xreboot on 10.70.122.14 execute success'),
('2014-06-09 07:34:48', 'xreboot on 10.70.122.34 execute success'),
('2014-06-09 08:40:44', 'xreboot on 10.70.122.35 execute success'),
('2014-06-13 05:24:41', 'xreboot on 10.70.122.35 execute success'),
('2014-06-13 08:48:35', 'xreboot on 10.70.122.101 execute success'),
('2014-06-13 14:25:42', 'xreboot on 10.70.122.101 execute success'),
('2014-06-13 14:25:58', 'xreboot on 10.70.122.101 execute success'),
('2014-06-14 22:46:57', 'xreboot on 10.70.122.32 execute success'),
('2014-06-15 01:43:21', 'xreboot on 10.70.122.101 execute success'),
('2014-06-15 11:10:47', 'xreboot on 10.70.122.9 execute success'),
('2014-06-16 19:43:24', 'xreboot on 10.70.122.89 execute success'),
('2014-06-16 21:46:18', 'xreboot on 10.70.122.5 execute success'),
('2014-06-17 04:47:19', 'xreboot on 10.70.122.18 execute success'),
('2014-06-17 12:24:35', 'xreboot on 10.70.122.5 execute success'),
('2014-06-17 13:43:38', 'xreboot on 10.70.122.22 execute success'),
('2014-06-17 16:35:21', 'xreboot on 10.70.122.26 execute success'),
('2014-06-17 16:35:25', 'xreboot on 10.70.122.26 execute success'),
('2014-06-18 16:48:08', 'xreboot on 10.70.122.5 execute success'),
('2014-06-19 05:58:40', 'xreboot on 10.70.122.90 execute success'),
('2014-06-19 07:54:27', 'xreboot on 10.70.122.89 execute success'),
('2014-06-19 07:54:40', 'xreboot on 10.70.122.89 execute success'),
('2014-06-20 20:41:21', 'xreboot on 10.70.122.91 execute success'),
('2014-06-20 23:10:46', 'xreboot on 10.70.122.35 execute success'),
('2014-06-20 23:19:00', 'xreboot on 10.70.122.35 execute success'),
('2014-06-21 09:34:33', 'xreboot on 10.70.122.5 execute success'),
('2014-06-22 22:01:58', 'xreboot on 10.70.122.101 execute success'),
('2014-06-23 01:43:27', 'xreboot on 10.70.122.35 execute success'),
('2014-06-23 05:45:53', 'xreboot on 10.70.122.90 execute success'),
('2014-06-23 13:14:46', 'xreboot on 10.70.122.11 execute success'),
('2014-06-24 10:15:31', 'xreboot on 10.70.122.22 execute success'),
('2014-06-24 13:44:57', 'xreboot on 10.70.122.22 execute success'),
('2014-06-24 23:00:40', 'xreboot on 10.70.122.35 execute success'),
('2014-06-24 23:02:45', 'xreboot on 10.70.122.35 execute success'),
('2014-06-25 05:37:34', 'xreboot on 10.70.122.79 execute success'),
('2014-06-26 22:04:56', 'xreboot on 10.70.122.36 execute success'),
('2014-06-27 03:37:19', 'xreboot on 10.70.122.16 execute success'),
('2014-06-27 03:51:07', 'xreboot on 10.70.122.26 execute success'),
('2014-06-27 03:57:29', 'xreboot on 10.70.122.87 execute success'),
('2014-06-29 07:53:03', 'xreboot on 10.70.122.89 execute success'),
('2014-07-01 01:48:14', 'xreboot on 10.70.122.78 execute success'),
('2014-07-01 02:34:43', 'xreboot on 10.70.122.22 execute success'),
('2014-07-01 17:58:08', 'xreboot on 10.70.122.5 execute success'),
('2014-07-01 18:21:57', 'xreboot on 10.70.122.5 execute success'),
('2014-07-01 18:28:33', 'xreboot on 10.70.122.5 execute success'),
('2014-07-01 18:34:23', 'xreboot on 10.70.122.5 execute success'),
('2014-07-02 13:51:46', 'xreboot on 10.70.122.10 execute success'),
('2014-07-03 07:46:38', 'xreboot on 10.70.122.101 execute success'),
('2014-07-03 12:41:41', 'xreboot on 10.70.122.78 execute success'),
('2014-07-05 06:30:15', 'xreboot on 10.70.122.76 execute success'),
('2014-07-05 06:33:07', 'xreboot on 10.70.122.76 execute success'),
('2014-07-06 22:04:49', 'xreboot on 10.70.122.36 execute success'),
('2014-07-06 22:49:29', 'xreboot on 10.70.122.101 execute success'),
('2014-07-07 05:50:05', 'xreboot on 10.70.122.36 execute success'),
('2014-07-07 08:43:18', 'xreboot on 10.70.122.87 execute success'),
('2014-07-08 17:39:14', 'xreboot on 10.70.122.78 execute success'),
('2014-07-08 22:31:31', 'xreboot on 10.70.122.101 execute success'),
('2014-07-09 09:24:52', 'xreboot on 10.70.122.33 execute success'),
('2014-07-09 19:45:54', 'xreboot on 10.70.122.33 execute success'),
('2014-07-10 04:10:55', 'xreboot on 10.70.122.33 execute success'),
('2014-07-10 19:51:46', 'xreboot on 10.70.122.33 execute success'),
('2014-07-11 02:14:25', 'xreboot on 10.70.122.36 execute success'),
('2014-07-11 04:14:06', 'xreboot on 10.70.122.36 execute success'),
('2014-07-11 04:15:06', 'xreboot on 10.70.122.36 execute success'),
('2014-07-11 16:47:24', 'xreboot on 10.70.122.36 execute success'),
('2014-07-12 09:55:01', 'xreboot on 10.70.122.5 execute success'),
('2014-07-12 10:36:33', 'xreboot on 10.70.122.5 execute success'),
('2014-07-12 10:37:17', 'xreboot on 10.70.122.5 execute success'),
('2014-07-12 11:02:03', 'xreboot on 10.70.122.5 execute success'),
('2014-07-12 11:03:15', 'xreboot on 10.70.122.5 execute success'),
('2014-07-12 20:38:33', 'xreboot on 10.70.122.20 execute success'),
('2014-07-12 20:38:52', 'xreboot on 10.70.122.20 execute success'),
('2014-07-12 20:41:47', 'xreboot on 10.70.122.20 execute success'),
('2014-07-13 07:48:18', 'xreboot on 10.70.122.36 execute success'),
('2014-07-14 09:02:57', 'xreboot on 10.70.122.5 execute success'),
('2014-07-14 19:33:34', 'xreboot on 10.70.122.29 execute success'),
('2014-07-15 09:40:38', 'xreboot on 10.70.122.17 execute success'),
('2014-07-18 18:53:09', 'xreboot on 10.70.122.36 execute success'),
('2014-07-19 18:22:27', 'xreboot on 10.70.122.101 execute success'),
('2014-07-20 18:13:55', 'xreboot on 10.70.122.101 execute success'),
('2014-07-21 21:37:15', 'xreboot on 10.70.122.80 execute success'),
('2014-07-22 14:14:47', 'xreboot on 10.70.122.14 execute success'),
('2014-07-22 14:15:50', 'xreboot on 10.70.122.32 execute success'),
('2014-07-22 16:41:38', 'xreboot on 10.70.122.35 execute success'),
('2014-07-22 16:48:21', 'xreboot on 10.70.122.36 execute success'),
('2014-07-24 21:08:34', 'xreboot on 10.70.122.101 execute success'),
('2014-07-24 23:26:43', 'xreboot on 10.70.122.36 execute success'),
('2014-07-24 23:27:05', 'xreboot on 10.70.122.36 execute success'),
('2014-07-25 08:21:55', 'xreboot on 10.70.122.5 execute success'),
('2014-07-25 18:18:38', 'xreboot on 10.70.122.87 execute success'),
('2014-07-25 18:35:32', 'xreboot on 10.70.122.101 execute success'),
('2014-07-26 06:47:53', 'xreboot on 10.70.122.18 execute success'),
('2014-07-26 21:46:08', 'xreboot on 10.70.122.36 execute success'),
('2014-07-26 21:46:44', 'xreboot on 10.70.122.36 execute success'),
('2014-07-27 06:05:02', 'xreboot on 10.70.122.36 execute success'),
('2014-07-27 07:59:38', 'xreboot on 10.70.122.89 execute success'),
('2014-07-27 18:13:38', 'xreboot on 10.70.122.36 execute success'),
('2014-07-29 07:55:14', 'xreboot on 10.70.122.36 execute success'),
('2014-07-29 08:07:57', 'xreboot on 10.70.122.36 execute success'),
('2014-07-29 08:34:29', 'xreboot on 10.70.122.78 execute success'),
('2014-07-29 09:01:26', 'xreboot on 10.70.122.23 execute success'),
('2014-07-29 11:38:07', 'xreboot on 10.70.122.34 execute success'),
('2014-07-29 11:40:55', 'xreboot on 10.70.122.34 execute success'),
('2014-07-29 13:00:31', 'xreboot on 10.70.122.19 execute success'),
('2014-07-29 16:33:47', 'xreboot on 10.70.122.82 execute success'),
('2014-07-29 17:19:17', 'xreboot on 10.70.122.82 execute success'),
('2014-08-01 18:13:53', 'xreboot on 10.70.122.36 execute success'),
('2014-08-01 19:45:46', 'xreboot on 10.70.122.36 execute success'),
('2014-08-01 23:36:48', 'xreboot on 10.70.122.76 execute success'),
('2014-08-02 11:34:09', 'xreboot on 10.70.122.36 execute success'),
('2014-08-03 21:54:14', 'xreboot on 10.70.122.36 execute success'),
('2014-08-04 02:09:46', 'xreboot on 10.70.122.5 execute success'),
('2014-08-04 03:07:11', 'xreboot on 10.70.122.18 execute success'),
('2014-08-04 03:41:56', 'xreboot on 10.70.122.36 execute success'),
('2014-08-04 05:38:41', 'xreboot on 10.70.122.101 execute success'),
('2014-08-04 07:32:17', 'xreboot on 10.70.122.36 execute success'),
('2014-08-07 00:49:38', 'xreboot on 10.70.122.36 execute success'),
('2014-08-07 05:34:13', 'xreboot on 10.70.122.36 execute success'),
('2014-08-08 02:47:42', 'xreboot on 10.70.122.36 execute success'),
('2014-08-08 22:27:13', 'xreboot on 10.70.122.3 execute success'),
('2014-08-09 00:29:27', 'xreboot on 10.70.122.3 execute success'),
('2014-08-09 01:33:00', 'xreboot on 10.70.122.60 execute success'),
('2014-08-09 09:19:54', 'xreboot on 10.70.122.101 execute success'),
('2014-08-09 09:35:24', 'xreboot on 10.70.122.3 execute success'),
('2014-08-09 12:44:40', 'xreboot on 10.70.122.36 execute success'),
('2014-08-09 14:40:22', 'xreboot on 10.70.122.3 execute success'),
('2014-08-09 15:08:41', 'xreboot on 10.70.122.36 execute success'),
('2014-08-09 19:42:07', 'xreboot on 10.70.122.73 execute success'),
('2014-08-10 12:59:30', 'xreboot on 10.70.122.11 execute success'),
('2014-08-10 13:01:27', 'xreboot on 10.70.122.11 execute success'),
('2014-08-10 17:32:44', 'xreboot on 10.70.122.101 execute success'),
('2014-08-11 01:26:45', 'xreboot on 10.70.122.3 execute success'),
('2014-08-11 01:34:29', 'xreboot on 10.70.122.3 execute success'),
('2014-08-11 18:06:27', 'xreboot on 10.70.122.16 execute success'),
('2014-08-12 04:11:46', 'xreboot on 10.70.122.36 execute success'),
('2014-08-12 07:38:56', 'xreboot on 10.70.122.101 execute success'),
('2014-08-12 07:39:20', 'xreboot on 10.70.122.101 execute success'),
('2014-08-12 14:01:03', 'xreboot on 10.70.122.3 execute success'),
('2014-08-12 20:55:33', 'xreboot on 10.70.122.3 execute success'),
('2014-08-12 21:04:27', 'xreboot on 10.70.122.89 execute success'),
('2014-08-12 21:04:39', 'xreboot on 10.70.122.89 execute success'),
('2014-08-13 00:07:23', 'xreboot on 10.70.122.89 execute success'),
('2014-08-13 00:08:02', 'xreboot on 10.70.122.89 execute success'),
('2014-08-13 19:49:48', 'xreboot on 10.70.122.101 execute success'),
('2014-08-13 20:58:46', 'xreboot on 10.70.122.36 execute success'),
('2014-08-14 04:21:23', 'xreboot on 10.70.122.79 execute success'),
('2014-08-14 08:36:01', 'xreboot on 10.70.122.36 execute success'),
('2014-08-15 02:28:44', 'xreboot on 10.70.122.10 execute success'),
('2014-08-15 03:40:21', 'xreboot on 10.70.122.36 execute success'),
('2014-08-15 07:37:05', 'xreboot on 10.70.122.89 execute success'),
('2014-08-15 20:12:35', 'xreboot on 10.70.122.3 execute success'),
('2014-08-15 20:12:49', 'xreboot on 10.70.122.3 execute success'),
('2014-08-15 20:29:52', 'xreboot on 10.70.122.12 execute success'),
('2014-08-16 13:09:54', 'xreboot on 10.70.122.101 execute success'),
('2014-08-16 13:10:41', 'xreboot on 10.70.122.101 execute success'),
('2014-08-16 16:24:43', 'xreboot on 10.70.122.101 execute success'),
('2014-08-19 22:15:41', 'xreboot on 10.70.122.36 execute success'),
('2014-08-19 22:25:22', 'xreboot on 10.70.122.36 execute success'),
('2014-08-19 22:29:58', 'xreboot on 10.70.122.36 execute success'),
('2014-08-20 21:01:51', 'xreboot on 10.70.122.101 execute success'),
('2014-08-20 21:02:10', 'xreboot on 10.70.122.101 execute success'),
('2014-08-21 20:24:26', 'xreboot on 10.70.122.23 execute success'),
('2014-08-22 08:31:26', 'xreboot on 10.70.122.36 execute success'),
('2014-08-23 02:07:19', 'xreboot on 10.70.122.36 execute success'),
('2014-08-23 04:13:15', 'xreboot on 10.70.122.17 execute success'),
('2014-08-24 05:47:32', 'xreboot on 10.70.122.36 execute success'),
('2014-08-24 17:19:25', 'xreboot on 10.70.122.73 execute success'),
('2014-08-24 23:45:17', 'xreboot on 10.70.122.74 execute success'),
('2014-08-26 12:50:31', 'xreboot on 10.70.122.36 execute success'),
('2014-08-26 17:55:02', 'xreboot on 10.70.122.36 execute success'),
('2014-08-27 08:41:31', 'xreboot on 10.70.122.33 execute success'),
('2014-08-27 11:34:25', 'xreboot on 10.70.122.36 execute success'),
('2014-08-27 14:17:51', 'xreboot on 10.70.122.81 execute success'),
('2014-08-28 08:38:22', 'xreboot on 10.70.122.81 execute success'),
('2014-08-29 01:29:30', 'xreboot on 10.70.122.81 execute success'),
('2014-08-29 01:29:50', 'xreboot on 10.70.122.81 execute success'),
('2014-08-29 02:01:22', 'xreboot on 10.70.122.81 execute success'),
('2014-08-29 21:00:24', 'xreboot on 10.70.122.89 execute success'),
('2014-08-30 08:20:03', 'xreboot on 10.70.122.26 execute success'),
('2014-08-31 22:11:59', 'xreboot on 10.70.122.36 execute success'),
('2014-09-02 09:17:03', 'xreboot on 10.70.122.36 execute success'),
('2014-09-03 12:56:23', 'xreboot on 10.70.122.9 execute success'),
('2014-09-05 13:47:46', 'xreboot on 10.70.122.36 execute success'),
('2014-09-06 02:23:59', 'xreboot on 10.70.122.30 execute success'),
('2014-09-06 20:19:53', 'xreboot on 10.70.122.29 execute success'),
('2014-09-06 20:20:19', 'xreboot on 10.70.122.29 execute success'),
('2014-09-06 20:20:32', 'xreboot on 10.70.122.29 execute success'),
('2014-09-06 20:21:09', 'xreboot on 10.70.122.25 execute success'),
('2014-09-06 20:21:19', 'xreboot on 10.70.122.29 execute success'),
('2014-09-06 20:23:21', 'xreboot on 10.70.122.29 execute success'),
('2014-09-06 20:25:09', 'xreboot on 10.70.122.29 execute success'),
('2014-09-06 20:28:18', 'xreboot on 10.70.122.29 execute success'),
('2014-09-08 07:37:02', 'xreboot on 10.70.122.89 execute success'),
('2014-09-08 11:05:26', 'xreboot on 10.70.122.89 execute success'),
('2014-09-08 23:03:51', 'xreboot on 10.70.122.9 execute success'),
('2014-09-10 04:21:23', 'xreboot on 10.70.122.5 execute success'),
('2014-09-10 12:38:00', 'xreboot on 10.70.122.29 execute success'),
('2014-09-10 21:14:28', 'xreboot on 10.70.122.91 execute success'),
('2014-09-11 14:02:29', 'xreboot on 10.70.122.37 execute success'),
('2014-09-12 08:13:22', 'xreboot on 10.70.122.18 execute success'),
('2014-09-13 10:24:29', 'xreboot on 10.70.122.2 execute success'),
('2014-09-16 21:51:45', 'xreboot on 10.70.122.37 execute success'),
('2014-09-18 07:41:29', 'xreboot on 10.70.122.19 execute success'),
('2014-09-18 18:31:16', 'xreboot on 10.70.122.37 execute success'),
('2014-09-18 20:22:56', 'xreboot on 10.70.122.37 execute success'),
('2014-09-20 01:59:15', 'xreboot on 10.70.122.37 execute success'),
('2014-09-20 07:35:39', 'xreboot on 10.70.122.37 execute success'),
('2014-09-22 10:52:00', 'xreboot on 10.70.122.7 execute success'),
('2014-09-22 15:27:40', 'xreboot on 10.70.122.22 execute success'),
('2014-09-22 19:37:15', 'xreboot on 10.70.122.22 execute success'),
('2014-09-23 03:49:45', 'xreboot on 10.70.122.89 execute success'),
('2014-09-23 13:26:54', 'xreboot on 10.70.122.37 execute success'),
('2014-09-24 02:51:25', 'xreboot on 10.70.122.37 execute success'),
('2014-09-24 02:52:18', 'xreboot on 10.70.122.37 execute success'),
('2014-09-24 23:39:33', 'xreboot on 10.70.122.22 execute success'),
('2014-09-25 01:33:01', 'xreboot on 10.70.122.20 execute success'),
('2014-09-25 06:44:46', 'xreboot on 10.70.122.9 execute success'),
('2014-09-26 07:35:35', 'xreboot on 10.70.122.9 execute success'),
('2014-09-26 07:35:45', 'xreboot on 10.70.122.9 execute success'),
('2014-09-26 20:38:26', 'xreboot on 10.70.122.5 execute success'),
('2014-09-29 05:39:33', 'xreboot on 10.70.122.37 execute success'),
('2014-09-30 01:42:53', 'xreboot on 10.70.122.23 execute success'),
('2014-09-30 23:55:07', 'xreboot on 10.70.122.34 execute success'),
('2014-10-02 20:31:49', 'xreboot on 10.70.122.26 execute success'),
('2014-10-02 20:33:30', 'xreboot on 10.70.122.26 execute success'),
('2014-10-02 20:36:58', 'xreboot on 10.70.122.26 execute success'),
('2014-10-02 22:05:06', 'xreboot on 10.70.122.3 execute success'),
('2014-10-04 04:25:42', 'xreboot on 10.70.122.5 execute success'),
('2014-10-04 20:34:02', 'xreboot on 10.70.122.22 execute success'),
('2014-10-05 04:12:05', 'xreboot on 10.70.122.18 execute success'),
('2014-10-05 04:13:52', 'xreboot on 10.70.122.14 execute success'),
('2014-10-05 07:11:31', 'xreboot on 10.70.122.18 execute success'),
('2014-10-06 15:14:26', 'xreboot on 10.70.122.35 execute success'),
('2014-10-07 06:22:39', 'xreboot on 10.70.122.5 execute success'),
('2014-10-07 10:52:16', 'xreboot on 10.70.122.17 execute success'),
('2014-10-07 20:48:12', 'xreboot on 10.70.122.35 execute success'),
('2014-10-07 20:48:47', 'xreboot on 10.70.122.35 execute success'),
('2014-10-07 23:51:24', 'xreboot on 10.70.122.35 execute success'),
('2014-10-08 03:14:27', 'xreboot on 10.70.122.79 execute success'),
('2014-10-08 19:48:33', 'xreboot on 10.70.122.74 execute success'),
('2014-10-09 07:04:12', 'xreboot on 10.70.122.37 execute success'),
('2014-10-09 23:21:53', 'xreboot on 10.70.122.35 execute success'),
('2014-10-10 08:56:32', 'xreboot on 10.70.122.37 execute success'),
('2014-10-11 19:35:14', 'xreboot on 10.70.122.7 execute success'),
('2014-10-12 00:23:56', 'xreboot on 10.70.122.15 execute success'),
('2014-10-12 00:47:14', 'xreboot on 10.70.122.93 execute success'),
('2014-10-12 00:56:50', 'xreboot on 10.70.122.28 execute success'),
('2014-10-12 01:08:15', 'xreboot on 10.70.122.15 execute success'),
('2014-10-12 01:08:31', 'xreboot on 10.70.122.28 execute success'),
('2014-10-12 01:09:21', 'xreboot on 10.70.122.79 execute success'),
('2014-10-12 02:31:45', 'xreboot on 10.70.122.28 execute success'),
('2014-10-12 11:01:30', 'xreboot on 10.70.122.74 execute success'),
('2014-10-13 00:00:00', 'xreboot on 10.70.122.37 execute success'),
('2014-10-13 13:27:09', 'xreboot on 10.70.122.35 execute success'),
('2014-10-13 13:27:26', 'xreboot on 10.70.122.35 execute success'),
('2014-10-13 14:37:40', 'xreboot on 10.70.122.37 execute success'),
('2014-10-13 15:17:34', 'xreboot on 10.70.122.37 execute success'),
('2014-10-13 18:35:25', 'xreboot on 10.70.122.37 execute success'),
('2014-10-14 14:09:20', 'xreboot on 10.70.122.35 execute success'),
('2014-10-14 14:10:13', 'xreboot on 10.70.122.35 execute success'),
('2014-10-14 14:16:15', 'xreboot on 10.70.122.35 execute success'),
('2014-10-14 16:57:57', 'xreboot on 10.70.122.37 execute success'),
('2014-10-15 00:16:54', 'xreboot on 10.70.122.35 execute success'),
('2014-10-15 01:50:11', 'xreboot on 10.70.122.37 execute success'),
('2014-10-15 15:59:18', 'xreboot on 10.70.122.11 execute success'),
('2014-10-15 22:54:22', 'xreboot on 10.70.122.37 execute success'),
('2014-10-18 16:18:24', 'xreboot on 10.70.122.22 execute success'),
('2014-10-18 16:27:18', 'xreboot on 10.70.122.3 execute success'),
('2014-10-19 15:07:48', 'xreboot on 10.70.122.15 execute success'),
('2014-10-20 18:52:24', 'xreboot on 10.70.122.26 execute success'),
('2014-10-20 19:22:26', 'xreboot on 10.70.122.26 execute success'),
('2014-10-20 19:22:54', 'xreboot on 10.70.122.26 execute success'),
('2014-10-20 19:26:42', 'xreboot on 10.70.122.26 execute success'),
('2014-10-20 19:28:30', 'xreboot on 10.70.122.26 execute success'),
('2014-10-20 19:32:51', 'xreboot on 10.70.122.93 execute success'),
('2014-10-20 20:08:55', 'xreboot on 10.70.122.4 execute success'),
('2014-10-20 20:40:42', 'xreboot on 10.70.122.20 execute success'),
('2014-10-20 23:28:08', 'xreboot on 10.70.122.89 execute success'),
('2014-10-21 08:16:50', 'xreboot on 10.70.122.90 execute success'),
('2014-10-21 08:17:12', 'xreboot on 10.70.122.90 execute success'),
('2014-10-21 08:19:30', 'xreboot on 10.70.122.14 execute success'),
('2014-10-21 10:59:19', 'xreboot on 10.70.122.18 execute success');

-- --------------------------------------------------------

--
-- Структура таблицы `modems`
--

CREATE TABLE IF NOT EXISTS `modems` (
  `id_modem` bigint(20) unsigned NOT NULL AUTO_INCREMENT,
  `is_access_point` tinyint(4) NOT NULL DEFAULT '0',
  `name` varchar(50) DEFAULT NULL,
  `ip_address` varchar(50) NOT NULL DEFAULT '',
  `mac_address` varchar(50) DEFAULT NULL,
  `place_install` varchar(255) DEFAULT NULL,
  `power` tinyint(4) NOT NULL DEFAULT '20',
  `prim` varchar(255) DEFAULT NULL,
  `color` bigint(20) NOT NULL DEFAULT '0',
  `online` tinyint(4) NOT NULL DEFAULT '0',
  PRIMARY KEY (`id_modem`),
  KEY `is_access_point` (`is_access_point`),
  KEY `online` (`online`),
  KEY `mac_address` (`mac_address`)
) TYPE=MyISAM  AUTO_INCREMENT=161 ;

--
-- Дамп данных таблицы `modems`
--

INSERT INTO `modems` (`id_modem`, `is_access_point`, `name`, `ip_address`, `mac_address`, `place_install`, `power`, `prim`, `color`, `online`) VALUES
(51, 0, 'EX136', '10.70.123.60', '00:27:22:66:6A:C8', 'EX136', 20, 'в резерве. Снят 27-12-2012. Поставлен Rocket. Буллет установлен на EX136', 16777215, 1),
(2, 1, 'SMOTROVAYA', '10.70.120.15', '00:27:22:8C:50:8B', 'Диспетчерская', 20, '', 16711680, 0),
(48, 0, 'EX133', '10.70.123.64', '00:27:22:66:6A:05', 'EX133', 20, 'Установлен 20.09.13 - переустановлен с ЕХ143', 0, 0),
(4, 1, 'GBM', '10.70.120.18', '00:27:22:8C:4F:2C', 'ГБМ', 20, '', 808080, 0),
(5, 0, 'A100', '10.70.123.1', '00:27:22:AA:59:AE', 'A100', 20, '', 16777215, 1),
(6, 0, 'A102', '10.70.123.2', '00:27:22:AA:57:23', 'A102', 20, '', 16777215, 1),
(7, 0, 'A103', '10.70.123.3', '00:27:22:66:6A:7B', 'A103', 20, '', 16777215, 0),
(8, 0, 'A104', '10.70.123.4', '00:27:22:66:6B:E5', 'A104', 20, '', 16777215, 1),
(69, 1, 'Peregruzka11', '10.70.120.19', '00:27:22:8C:50:54', 'reserv', 20, 'Сняли 19.03.14', 65280, 0),
(11, 0, 'A107', '10.70.123.7', '00:27:22:AA:5A:D8', 'A107', 20, 'Установлен на А107 03.01.13', 16777215, 0),
(13, 0, 'A109', '10.70.123.9', '00:27:22:66:68:8D', 'A109', 20, '', 16777215, 1),
(15, 0, 'A111', '10.70.123.11', '00:27:22:66:6C:16', 'A111', 20, '', 16777215, 1),
(16, 0, 'A112', '10.70.123.12', '00:27:22:66:6A:BF', 'A112', 20, '', 16777215, 1),
(17, 0, 'A113', '10.70.123.13', '00:27:22:66:6B:05', 'A113', 20, '', 16777215, 0),
(18, 0, 'A114', '10.70.123.14', '00:27:22:66:6C:2A', 'A114', 20, '', 16777215, 1),
(19, 0, 'A115', '10.70.123.15', '00:27:22:66:6B:FB', 'A115', 20, '', 16777215, 1),
(20, 0, 'A116', '10.70.123.16', '00:27:22:66:6A:91', 'A116', 20, '', 16777215, 1),
(21, 0, 'A117', '10.70.123.17', '00:27:22:66:6B:FA', 'A117', 20, '', 16777215, 1),
(22, 0, 'A118', '10.70.123.18', '00:27:22:66:69:E8', 'A118', 20, '', 16777215, 1),
(23, 0, 'A119', '10.70.123.19', '00:27:22:66:6C:18', 'A119', 20, '', 16777215, 1),
(24, 0, 'A120', '10.70.123.20', '00:27:22:AA:59:AF', 'A120', 20, 'Снят с EX136 07.12.2012.Установлен на А120 24.01.13', 16777215, 1),
(25, 0, 'A121', '10.70.123.21', '00:27:22:66:6C:03', 'A121', 20, '', 16777215, 1),
(26, 0, 'A122', '10.70.123.22', '00:27:22:66:6B:F7', 'A122', 20, '', 16777215, 1),
(27, 0, 'A123', '10.70.123.23', '00:27:22:66:69:E2', 'A123', 20, '', 16777215, 1),
(28, 0, 'A124', '10.70.123.24', '00:27:22:66:6B:44', 'A124', 20, '', 16777215, 0),
(29, 0, 'A125', '10.70.123.25', '00:27:22:66:6A:E0', 'A125', 20, '', 16777215, 1),
(30, 0, 'A126', '10.70.123.26', '00:27:22:66:6B:F7', 'A126', 20, '', 16777215, 1),
(31, 0, 'A127', '10.70.123.27', '00:27:22:66:6C:10', 'A127', 20, '', 16777215, 1),
(32, 0, 'A128', '10.70.123.28', '00:15:6D:5E:AD:F0', 'A128', 20, '', 16777215, 1),
(33, 0, 'A129', '10.70.123.29', '00:27:22:66:6B:F0', 'A129', 20, '', 16777215, 1),
(34, 0, 'A130', '10.70.123.30', '00:27:22:66:6C:2B', 'A130', 20, '', 16777215, 0),
(35, 0, 'A134', '10.70.123.34', '00:27:22:76:62:5B', 'A134', 20, NULL, 0, 1),
(158, 0, 'EX8', '10.70.123.92', '00:27:22:66:6B:E8', 'EX8', 20, NULL, 0, 0),
(38, 0, 'EX118', '10.70.123.71', '00:27:22:66:6C:1C', 'EX118', 20, '', 16777215, 1),
(57, 0, 'EX4', '10.70.123.90', '00:27:22:66:6A:C0', 'EX4', 20, 'установлен 08.04.14', 16777215, 1),
(41, 0, 'EX121', '10.70.123.74', '00:27:22:66:6A:94', 'EX121', 20, '', 16777215, 1),
(42, 0, 'EX5', '10.70.123.91', '00:27:22:66:6B:EA', 'EX5', 20, '', 16777215, 1),
(43, 0, 'EX125', '10.70.123.75', '00:27:22:66:6C:14', 'EX125', 20, '', 16777215, 1),
(44, 0, 'EX126', '10.70.123.76', '00:27:22:66:6C:58', 'EX126', 20, '', 16777215, 1),
(45, 0, 'EX127', '10.70.123.77', '00:27:22:66:6B:F1', 'EX127', 20, '', 16777215, 0),
(46, 0, 'EX130', '10.70.123.84', '00:27:22:66:69:E3', 'EX130', 20, 'Бывший EX128. Установлен на EX130 15.11.2012', 16777215, 0),
(40, 0, 'EX96', '10.70.123.87', '00:27:22:66:66:0A', 'EX96', 20, 'установлен 13.05.13 комплект ЗИП', 0, 0),
(49, 0, 'EX134', '10.70.123.65', '00:27:22:66:6B:F3', 'EX134', 20, '', 16777215, 0),
(50, 0, 'EX135', '10.70.123.66', '00:27:22:66:6A:83', 'EX135', 20, '', 16777215, 0),
(53, 0, 'EX142', '10.70.123.79', '00:27:22:66:6C:13', 'EX142', 20, '', 16777215, 1),
(54, 0, 'EX120', '10.70.123.73', '00:27:22:66:6B:00', 'EX120', 20, 'Переставлен с ЕХ143', 16777215, 1),
(55, 0, 'EX144', '10.70.123.80', '00:27:22:66:6B:1D', 'EX144', 20, '', 16777215, 1),
(56, 0, 'EX145', '10.70.123.81', '00:27:22:66:6C:00', 'EX145', 20, '', 16777215, 1),
(58, 1, 'Peregruzka_11', '10.70.120.19', 'DC:9F:DB:08:B7:F1', 'карьер перегрузка №11', 23, 'Rocket M2. Установлен 13.10.2012. Переустановка на вагончик 14.02.13', 65280, 0),
(60, 1, 'zzzz', '', '00:00:00:00:00:00', NULL, 20, 'для корректного построения графика', 65535, 0),
(61, 1, 'PS_9_Rocket', '10.70.120.17', '00:27:22:8C:4F:3D', 'Подстанция №9', 23, 'Rocket M. Установлен 27-11-2012', 255, 0),
(62, 1, 'QVARZITNAYA2', '10.70.120.16', '00:27:22:98:D2:5D', 'ст. Кварцитная', 20, 'rocket. установлена 06.12.2012', 32768, 0),
(9, 0, 'A131', '10.70.123.31', '00:27:22:66:6A:95', 'A131', 20, 'установлено 06.09.2013', 0, 1),
(67, 1, 'mobile_retranslator', '10.70.120.22', '00:27:22:28:49:3B', 'Карьер, ЕХ112', 20, 'Установка в районе сланцевого языка под EX112', 16776960, 0),
(65, 1, 'Stoyanka_GBM', '10.70.120.21', '00:27:22:28:8A:A9', 'Стоянка ГБМ', 20, 'подключена к мультиплексору порт 4. Установлена 12.02.13.', 65535, 0),
(1, 0, 'EX146', '10.70.123.86', '00:27:22:66:6C:06', 'EX146', 20, 'Переустановлен с ЕХ133 26.03.13', 0, 1),
(12, 0, 'A132', '10.70.123.32', '00:27:22:66:6B:FC', 'A132', 20, '29.10.2013', 0, 1),
(90, 0, 'A500', '10.70.123.82', NULL, NULL, 20, NULL, 0, 0),
(36, 0, 'A135', '10.70.123.35', 'DC:9F:DB:94:87:F9', 'A135', 20, NULL, 0, 1),
(141, 0, 'A101', '10.70.123.101', 'DC:9F:DB:94:86:8F', 'A101', 20, NULL, 0, 1),
(143, 0, 'A133', '10.70.123.33', 'DC:9F:DB:94:86:FC', 'A133', 20, NULL, 0, 1),
(145, 0, 'A136', '10.70.123.36', 'DC:9F:DB:94:87:78', 'A136', 20, NULL, 0, 1),
(159, 0, 'EX1', '10.70.123.89', '00:27:22:66:6B:43', 'EX1', 20, NULL, 0, 1),
(155, 0, 'EX128', '10.70.123.62', '00:27:22:66:6a:c0', 'EX128', 20, '21.03.2014', 0, 0),
(146, 0, 'A105', '10.70.123.5', '00:27:22:76:62:6С', 'A105', 20, NULL, 0, 1),
(59, 1, 'Peregruzka_11', '10.70.120.19', 'DC:9F:DB:0C:B6:4C', 'карьер перегрузка №11', 23, 'Rocket M2. Установлен 13.08.2014 - замена titanium', 65280, 0),
(160, 0, 'EX9', '10.70.123.93', NULL, 'EX9', 20, NULL, 0, 1),
(147, 0, 'A137', '10.70.123.37', '00:27:22:76:63:CC', 'A137', 20, NULL, 0, 1);

-- --------------------------------------------------------

--
-- Структура таблицы `modems_test`
--

CREATE TABLE IF NOT EXISTS `modems_test` (
  `id_modem` bigint(20) unsigned NOT NULL DEFAULT '0',
  `is_access_point` tinyint(4) NOT NULL DEFAULT '0',
  `name` varchar(50) DEFAULT NULL,
  `ip_address` varchar(50) NOT NULL DEFAULT '',
  `mac_address` varchar(50) DEFAULT NULL,
  `place_install` varchar(255) DEFAULT NULL,
  `power` tinyint(4) NOT NULL DEFAULT '20',
  `prim` varchar(255) DEFAULT NULL,
  `color` bigint(20) NOT NULL DEFAULT '0',
  `online` tinyint(4) NOT NULL DEFAULT '0'
) TYPE=MyISAM;

--
-- Дамп данных таблицы `modems_test`
--

INSERT INTO `modems_test` (`id_modem`, `is_access_point`, `name`, `ip_address`, `mac_address`, `place_install`, `power`, `prim`, `color`, `online`) VALUES
(1, 0, 'EX146', '10.70.123.86', '00:27:22:66:6C:06', 'EX146', 20, 'Переустановлен с ЕХ133 26.03.13', 0, 1),
(5, 0, 'A100', '10.70.123.1', '00:27:22:AA:59:AE', 'A100', 20, '', 16777215, 1),
(6, 0, 'A102', '10.70.123.2', '00:27:22:AA:57:23', 'A102', 20, '', 16777215, 1);

-- --------------------------------------------------------

--
-- Структура таблицы `ptx`
--

CREATE TABLE IF NOT EXISTS `ptx` (
  `id_ptx` bigint(20) unsigned NOT NULL AUTO_INCREMENT,
  `id_modem` bigint(20) unsigned DEFAULT NULL,
  `serial` varchar(20) DEFAULT NULL,
  `ip_address` varchar(15) DEFAULT NULL,
  `os_ver` varchar(50) DEFAULT NULL,
  `dispatch_ver` varchar(50) DEFAULT NULL,
  `oem_driver_ver` varchar(50) DEFAULT NULL,
  `prim` varchar(255) DEFAULT NULL,
  `mac_address` varchar(20) DEFAULT NULL,
  PRIMARY KEY (`id_ptx`),
  KEY `id_modem` (`id_modem`)
) TYPE=MyISAM  AUTO_INCREMENT=86 ;

--
-- Дамп данных таблицы `ptx`
--

INSERT INTO `ptx` (`id_ptx`, `id_modem`, `serial`, `ip_address`, `os_ver`, `dispatch_ver`, `oem_driver_ver`, `prim`, `mac_address`) VALUES
(1, 5, '384311 151583', '10.70.122.1', '2.00 NAND_MAIN Image', 'DElite 6.3.69 ', 'OemDrivers 4.9.205 ', NULL, '00:80:07:00:87:2e'),
(2, 146, '384311 151525', '10.70.122.5', '2.10 NAND_MAIN Image', 'DElite 6.3.69 ', 'OemDrivers 4.9.58 ', NULL, '00:80:07:00:87:61'),
(3, NULL, '381313 166715', '10.70.122.82', '2.00 NAND_MAIN Image', 'DElite 6.3.69 ', 'OemDrivers 4.9.205 ', NULL, '00:80:07:00:86:2f'),
(4, 17, '384311 151522', '10.70.122.13', '2.00 NAND_MAIN Image', 'DElite 6.3.69 ', 'OemDrivers 4.9.205 ', 'Снято с A104 14.11.2012. Часто Dispatch Boot Mode. Установлено 14.12.12. 25.02.13 нет звука-снят. Отправлен в ремонт 09.10.2013 - нет звука.', '00:80:07:00:90:c2'),
(5, 30, '384311 151530', '10.70.122.26', '2.10 NAND_MAIN Image', 'DElite 6.3.69 ', 'OemDrivers 4.9.205 ', NULL, '00:80:07:00:86:fc'),
(6, 21, '384311 151519', '10.70.122.17', '2.00 NAND_MAIN Image', 'DElite 6.3.69 ', 'OemDrivers 4.9.58 ', '', '00:80:07:00:87:42'),
(7, 1, '384311 151531', '10.70.122.86', '2.00 NAND_MAIN Image', 'DElite 6.3.69 ', ' Not installed', '', '00:80:07:00:87:84'),
(8, 12, '384311 151532', '10.70.122.32', '2.00 NAND_MAIN Image', 'DElite 6.3.69 ', 'OemDrivers 4.9.205 ', NULL, '00:80:07:00:87:78'),
(9, 15, '384311 151550', '10.70.122.11', '2.00 NAND_MAIN Image', 'DElite 6.3.69 ', 'OemDrivers 4.9.205 ', '', '00:80:07:00:8f:7e'),
(57, 49, '380212 153580', '10.70.122.65', NULL, NULL, NULL, NULL, NULL),
(10, 145, '384311 151537', '10.70.122.36', '2.10 NAND_MAIN Image', 'DElite 6.3.69 ', 'OemDrivers 4.9.205 ', NULL, '00:80:07:00:96:0a'),
(11, 20, '384311 151565', '10.70.122.16', '2.00 NAND_MAIN Image', 'DElite 6.3.69 ', 'OemDrivers 4.9.205 ', 'снято с А111 14.12.12. Не работает сом1. После ремонта 11.01.13 установлен на А116', '00:80:07:00:87:06'),
(12, NULL, '384311 151594(37)', '10.70.122.82', '2.10 NAND_MAIN Image', 'DElite 6.3.69 ', ' Not installed', 'Снят с А112 05.12.12 - нет звука. Отремонтирован. Установлен на А126 23.01.13. Снят в ремонт - тихий звук. Отремонтирован. Установлен на А119 12.03.13.', '00:80:07:00:9b:0b'),
(13, 6, '384311 151581', '10.70.122.2', '2.00 NAND_MAIN Image', 'DElite 6.3.69 ', 'OemDrivers 4.9.205 ', NULL, '00:80:07:00:85:03'),
(14, 56, '384311 151556', '10.70.122.81', '2.00 NAND_MAIN Image', 'DElite 6.3.69 ', ' Not installed', 'Нет звука. Снят с А114 01.02.13.', '00:80:07:00:87:a8'),
(15, 19, '384311 151578', '10.70.122.15', '2.00 NAND_MAIN Image', 'DElite 6.3.69 ', 'OemDrivers 4.9.205 ', NULL, '00:80:07:00:87:97'),
(16, 23, '384311 151572', '10.70.122.19', '2.10 NAND_MAIN Image', 'DElite 6.3.69 ', 'OemDrivers 4.9.205 ', 'Установлен на А102 после ремонта 11.01.13', '00:80:07:00:93:c2'),
(17, 32, '384311 151529', '10.70.122.28', '2.00 NAND_MAIN Image', 'DElite 6.3.69 ', 'OemDrivers 4.9.205 ', 'Снят с А117 и установлен на EX51 03.12.12г. Снят в ремонт 24.12.12. Установлен на А123 17.01.13', '00:80:07:00:86:f8'),
(18, 22, '384311 151536', '10.70.122.18', '2.00 NAND_MAIN Image', 'DElite 6.3.69 ', 'OemDrivers 4.9.58 ', NULL, '00:80:07:00:87:a0'),
(59, 26, '384311 151554', '10.70.122.22', '2.10 NAND_MAIN Image', 'DElite 6.3.71 ', 'OemDrivers 4.9.205 ', NULL, '00:80:07:00:87:a4'),
(61, 27, '384311 151587', '10.70.122.23', '2.10 NAND_MAIN Image', 'DElite 6.3.71 ', 'OemDrivers 4.9.205 ', NULL, '00:80:07:00:86:e9'),
(20, 24, '384311 151579', '10.70.122.20', '2.10 NAND_MAIN Image', 'DElite 6.3.71 ', 'OemDrivers 4.9.58 ', NULL, '00:80:07:00:8e:d7'),
(21, 158, '380212 153622', '10.70.122.92', '2.00 NAND_MAIN Image', 'DElite 6.3.69 ', 'OemDrivers 4.9.58 ', NULL, '00:80:07:00:8b:d7'),
(22, 13, '384311 151535', '10.70.122.9', '2.00 NAND_MAIN Image', 'DElite 6.3.69 ', 'OemDrivers 4.9.205 ', NULL, '00:80:07:00:96:09'),
(23, 9, '384311 151533', '10.70.122.31', '2.10 NAND_MAIN Image', 'DElite 6.3.69 ', 'OemDrivers 4.9.205 ', 'переставлен с А123 28.12.12. Потух и снят с А126 23.01.2012. Отремонтирован и установлен на A109 07.02.2013', '00:80:07:00:87:62'),
(24, 28, '384311 151568', '10.70.122.24', '2.10 NAND_MAIN Image', 'DElite 6.3.69 ', 'OemDrivers 4.9.58 ', NULL, '00:80:07:00:86:ca'),
(83, 90, NULL, '10.70.122.82', NULL, NULL, NULL, 'Для А500', NULL),
(26, 11, '384311 151566', '10.70.122.7', '2.00 NAND_MAIN Image', 'DElite 6.3.69 ', 'OemDrivers 4.9.205 ', 'переставлен с А126 на А123 28.12.12. Снят в ремонт 17.01.13 - часто бут мод. Установлен после ремонта на А107 05.02.13', '00:02:b3:c3:5f:11'),
(27, 42, '384311 151602', '10.70.122.91', '2.00 NAND_MAIN Image', 'DElite 6.3.69 ', ' Not installed', 'Установлен на ЕХ5 30.04.14', '00:80:07:00:87:71'),
(28, 33, '384311 151588', '10.70.122.29', '2.10 NAND_MAIN Image', 'DElite 6.3.69 ', 'OemDrivers 4.9.205 ', 'Не работает динамик. Снято 05.11.2012. Установлено на A104 14.11.2012. Снято 19.11.12. Установлено 14-12-12', '00:80:07:00:86:4a'),
(29, 160, '384311 151606', '10.70.122.93', '2.10 NAND_MAIN Image', 'DElite 6.3.69 ', ' Not installed', '', '00:80:07:00:86:a5'),
(30, 34, '384311 151526', '10.70.122.30', '2.00 NAND_MAIN Image', 'DElite 6.3.69 ', 'OemDrivers 4.9.205 ', NULL, '00:80:07:00:87:6c'),
(31, 51, '384311 151577', '10.70.122.60', '2.00 NAND_MAIN Image', 'DElite 6.3.69 ', ' Not installed', NULL, '00:80:07:00:84:fe'),
(32, 16, '384311 151561', '10.70.122.12', '2.00 NAND_MAIN Image', 'DElite 6.3.69 ', 'OemDrivers 4.9.205 ', 'Снят с ЕХ123 и установлен на А112 05.12.12', '00:80:07:00:87:40'),
(33, 46, '384311 151611', '10.70.122.84', NULL, NULL, NULL, 'Бывший EX128. Установлен на EX130 15.11.2012', '00:80:07:00:86:23'),
(34, NULL, '384311 151630', '10.70.122.82', '2.00 NAND_MAIN Image', 'DElite 6.3.69 ', ' Not installed', NULL, '00:80:07:00:87:79'),
(35, 48, '384311 151567', '10.70.122.64', '2.00 NAND_MAIN Image', 'DElite 6.3.69 ', ' Not installed', NULL, '00:80:07:00:86:ce'),
(36, 25, '384311 151560', '10.70.122.21', '2.00 NAND_MAIN Image', 'DElite 6.3.71 ', 'OemDrivers 4.9.205 ', 'Бывший ЕХ134. Установлен 02.01.2013', '00:80:07:00:86:d5'),
(37, 50, '384311 151598', '10.70.122.66', NULL, NULL, NULL, NULL, NULL),
(38, 38, '384311 151590', '10.70.122.71', '2.00 NAND_MAIN Image', 'DElite 6.3.69 ', ' Not installed', NULL, '00:80:07:00:87:38'),
(39, 57, '384311 151558', '10.70.122.90', '2.10 NAND_MAIN Image', 'DElite 6.3.69 ', ' Not installed', '', '00:80:07:00:87:a3'),
(63, 35, '384311 151605', '10.70.122.34', '2.10 NAND_MAIN Image', 'DElite 6.3.71 ', 'OemDrivers 4.9.58 ', NULL, '00:80:07:00:86:a7'),
(40, 55, '384311 151617', '10.70.122.80', '2.10 NAND_MAIN Image', 'DElite 6.3.69 ', ' Not installed', NULL, '00:80:07:00:86:2d'),
(41, 29, '384311 151613', '10.70.122.25', '2.00 NAND_MAIN Image', 'DElite 6.3.69 ', 'OemDrivers 4.9.205 ', NULL, '00:80:07:00:87:2c'),
(42, 18, '384311 151603', '10.70.122.14', '2.00 NAND_MAIN Image', 'DElite 6.3.69 ', 'OemDrivers 4.9.205 ', 'После ремонта по звуку. Установлен на А114 01.02.13', '00:80:07:00:87:2a'),
(45, 41, '384311 151609', '10.70.122.74', '2.00 NAND_MAIN Image', 'DElite 6.3.69 ', ' Not installed', NULL, '00:80:07:00:86:39'),
(46, 43, '384311 151474', '10.70.122.75', '2.00 NAND_MAIN Image', 'DElite 6.3.69 ', ' Not installed', NULL, '00:80:07:00:87:89'),
(47, 44, '384311 151564', '10.70.122.76', '2.00 NAND_MAIN Image', 'DElite 6.3.69 ', ' Not installed', NULL, '00:80:07:00:87:27'),
(48, 45, '384311 151582', '10.70.122.77', '1', 'DElite 6.3.56', ' Not installed', NULL, '00:80:07:00:84:ff'),
(49, 52, '384311 151601', '10.70.122.78', '2.00 NAND_MAIN Image', 'DElite 6.3.69 ', ' Not installed', NULL, '00:80:07:00:84:98'),
(50, 53, '384311 151540', '10.70.122.79', '2.10 NAND_MAIN Image', 'DElite 6.3.69 ', ' Not installed', NULL, '00:80:07:00:87:09'),
(51, 54, '384311 151534', '10.70.122.73', '2.00 NAND_MAIN Image', 'DElite 6.3.69 ', ' Not installed', NULL, '00:80:07:00:87:66'),
(53, 143, '384311 151569', '10.70.122.33', '2.00 NAND_MAIN Image', 'DElite 6.3.71 ', 'OemDrivers 4.9.205 ', 'Бывший EX145', '00:80:07:14:fd:44'),
(54, 36, '384311 151585', '10.70.122.35', '2.10 NAND_MAIN Image', 'DElite 6.3.69 ', 'OemDrivers 4.9.58 ', NULL, '00:80:07:00:86:f3'),
(55, 8, '384311 151571', '10.70.122.4', '2.00 NAND_MAIN Image', 'DElite 6.3.69 ', 'OemDrivers 4.9.205 ', 'пришел из ремонта 23.11.12. Нет звука снят 11.01.13. Отремонтирован. Установлен на А104 12.03.13.', '00:80:07:00:8e:a0'),
(65, 159, '383513 172264', '10.70.122.89', '2.10 NAND_MAIN Image', 'DElite 6.3.71 ', 'OemDrivers 4.9.58 ', NULL, '00:80:07:00:a4:b4'),
(67, 147, '383513 172260', '10.70.122.37', '2.00 NAND_MAIN Image', 'DElite 6.3.71 ', 'OemDrivers 4.9.58 ', NULL, '00:80:07:00:96:da'),
(69, NULL, '383513 172239', '10.70.122.82', '2.10 NAND_MAIN Image', 'DElite 6.3.69 ', 'OemDrivers 4.9.58 ', NULL, '00:80:07:00:a4:ca'),
(71, NULL, '383513 172278', '10.70.122.82', '2.10 NAND_MAIN Image', 'DElite 6.3.69 ', 'OemDrivers 4.9.58 ', NULL, '00:80:07:00:a5:00'),
(73, NULL, '381313 166587', '10.70.122.82', '2.10 NAND_MAIN Image', 'DElite 6.3.71 ', 'OemDrivers 4.9.58 ', NULL, '00:80:07:00:9c:38'),
(75, NULL, '381313 166597', '10.70.122.82', '2.10 NAND_MAIN Image', 'DElite 6.3.69 ', 'OemDrivers 4.9.205 ', NULL, '00:80:07:00:9b:2e'),
(77, 7, '381313 166581', '10.70.122.3', '2.00 NAND_MAIN Image', 'DElite 6.3.69 ', 'OemDrivers 4.9.205 ', NULL, '00:80:07:00:8f:02'),
(79, 141, '383513 172280', '10.70.122.101', '2.00 NAND_MAIN Image', 'DElite 6.3.69 ', 'OemDrivers 4.9.205 ', 'Установлен на А105 22.05.14', '00:80:07:00:8f:02'),
(81, 31, '383513 172277', '10.70.122.27', '2.10 NAND_MAIN Image', 'DElite 6.3.69 ', 'OemDrivers 4.9.58 ', NULL, NULL),
(85, NULL, '383513 172233', '10.70.122.37', '2.10 NAND_MAIN Image', 'DElite 6.3.71 ', 'OemDrivers 4.9.219', 'Установлен 11.09.2014 на А137', '00:80:07:00:a5:05');

-- --------------------------------------------------------

--
-- Структура таблицы `ref_device_status`
--

CREATE TABLE IF NOT EXISTS `ref_device_status` (
  `ID` int(11) NOT NULL AUTO_INCREMENT,
  `Name` varchar(50) NOT NULL,
  PRIMARY KEY (`ID`)
) TYPE=MyISAM  COMMENT='Спрвочник статусов устройств' AUTO_INCREMENT=5 ;

--
-- Дамп данных таблицы `ref_device_status`
--

INSERT INTO `ref_device_status` (`ID`, `Name`) VALUES
(1, 'Установлен'),
(2, 'Исправен. В резерве'),
(3, 'Неисправен. Снят'),
(4, 'Отпрвлен в ремонт');

-- --------------------------------------------------------

--
-- Структура таблицы `ref_device_type`
--

CREATE TABLE IF NOT EXISTS `ref_device_type` (
  `ID` int(11) NOT NULL AUTO_INCREMENT,
  `Name` varchar(100) NOT NULL,
  `ShortName` varchar(30) DEFAULT NULL,
  PRIMARY KEY (`ID`)
) TYPE=MyISAM  COMMENT='Типы устройств' AUTO_INCREMENT=9 ;

--
-- Дамп данных таблицы `ref_device_type`
--

INSERT INTO `ref_device_type` (`ID`, `Name`, `ShortName`) VALUES
(1, 'Мобильный бортовой компьютер PTX', 'PTX'),
(2, 'Точка доступа Ubiquiti Rocket M2', 'Rocket M2'),
(3, 'Точка доступа Ubiquity Bullet M2', 'Bullet M2'),
(4, 'Автомобильная wi-fi антенна', 'Автомобильная wi-fi антенна'),
(5, 'Экскаваторная wi-fi антенна', 'Экскаваторная wi-fi антенна'),
(6, 'Автомобильная gps-антенна', 'gps ан-на (автомобильная)'),
(7, 'Экскавторная gps-антенна', 'gps ан-на (экскаваторная)'),
(8, 'Блок Power Timer', 'Power Timer');

-- --------------------------------------------------------

--
-- Структура таблицы `ref_equipment_type`
--

CREATE TABLE IF NOT EXISTS `ref_equipment_type` (
  `id` int(11) NOT NULL AUTO_INCREMENT,
  `name` varchar(200) NOT NULL,
  PRIMARY KEY (`id`)
) TYPE=MyISAM  AUTO_INCREMENT=4 ;

--
-- Дамп данных таблицы `ref_equipment_type`
--

INSERT INTO `ref_equipment_type` (`id`, `name`) VALUES
(1, 'Автосамосвал'),
(2, 'Экскаватор'),
(3, 'Базовая станция');

-- --------------------------------------------------------

--
-- Структура таблицы `ref_event_type`
--

CREATE TABLE IF NOT EXISTS `ref_event_type` (
  `ID` int(11) NOT NULL AUTO_INCREMENT,
  `name` varchar(20) NOT NULL,
  PRIMARY KEY (`ID`)
) TYPE=MyISAM  COMMENT='Справочник типов событий' AUTO_INCREMENT=3 ;

--
-- Дамп данных таблицы `ref_event_type`
--

INSERT INTO `ref_event_type` (`ID`, `name`) VALUES
(1, 'Снятие'),
(2, 'Установка');

-- --------------------------------------------------------

--
-- Структура таблицы `ref_interface`
--

CREATE TABLE IF NOT EXISTS `ref_interface` (
  `id` int(11) NOT NULL AUTO_INCREMENT,
  `Name` varchar(20) NOT NULL COMMENT 'Код интерфейса',
  `FullName` varchar(30) NOT NULL,
  `Category` int(11) DEFAULT NULL COMMENT 'Категория интерфейса. Ссылка на таблицу ref_interface_category',
  PRIMARY KEY (`id`)
) TYPE=MyISAM  AUTO_INCREMENT=8 ;

--
-- Дамп данных таблицы `ref_interface`
--

INSERT INTO `ref_interface` (`id`, `Name`, `FullName`, `Category`) VALUES
(1, 'VEI', 'Весы - VEI', 5),
(2, 'Fuelmetrix', 'Топливо Fuelmetrix', 7),
(3, 'Pressure', 'СКДШ PressurePro', 9),
(5, 'WiFi', 'Связь wi-fi', 1),
(7, 'GPS', 'GPS', 3);

-- --------------------------------------------------------

--
-- Структура таблицы `ref_interface_category`
--

CREATE TABLE IF NOT EXISTS `ref_interface_category` (
  `id` int(11) NOT NULL AUTO_INCREMENT,
  `shortName` varchar(10) NOT NULL COMMENT 'Короткое имя категории',
  `FullName` varchar(50) DEFAULT NULL COMMENT 'Полное имя категории',
  PRIMARY KEY (`id`)
) TYPE=MyISAM  COMMENT='Таблица категорий интерфейсов' AUTO_INCREMENT=10 ;

--
-- Дамп данных таблицы `ref_interface_category`
--

INSERT INTO `ref_interface_category` (`id`, `shortName`, `FullName`) VALUES
(1, 'Связь', 'Связь'),
(3, 'GPS', 'GPS'),
(5, 'СКЗ', 'Система контроля загрузки'),
(7, 'Топилво', 'Система контроля уровня топлива'),
(9, 'СКДШ', 'Система контроля давления в шинах');

-- --------------------------------------------------------

--
-- Структура таблицы `ref_monitor_off_category`
--

CREATE TABLE IF NOT EXISTS `ref_monitor_off_category` (
  `id` int(11) NOT NULL,
  `Name` varchar(15) NOT NULL,
  PRIMARY KEY (`id`)
) TYPE=MyISAM COMMENT='Справочник категорий причин отключения';

--
-- Дамп данных таблицы `ref_monitor_off_category`
--

INSERT INTO `ref_monitor_off_category` (`id`, `Name`) VALUES
(0, 'Прочее'),
(1, 'Неисправность');

-- --------------------------------------------------------

--
-- Структура таблицы `repairs`
--

CREATE TABLE IF NOT EXISTS `repairs` (
  `ID` int(11) NOT NULL AUTO_INCREMENT,
  `device` int(11) NOT NULL,
  `fail_date` date NOT NULL,
  `link_to_doc` varchar(100) DEFAULT NULL COMMENT 'Ссылка на местоположение файла акта',
  `sending_date` date DEFAULT NULL,
  `ticket` int(11) NOT NULL,
  `transport_num` varchar(20) DEFAULT NULL,
  `return_date` date NOT NULL,
  `complete` tinyint(1) NOT NULL COMMENT 'Признак успешного ремонта',
  PRIMARY KEY (`ID`)
) TYPE=MyISAM AUTO_INCREMENT=1 ;

-- --------------------------------------------------------

--
-- Структура таблицы `stats_fail_auto_tmp`
--

CREATE TABLE IF NOT EXISTS `stats_fail_auto_tmp` (
  `id` bigint(20) unsigned NOT NULL AUTO_INCREMENT,
  `name` char(10) DEFAULT NULL,
  `percent` double NOT NULL,
  `date` date NOT NULL,
  PRIMARY KEY (`id`)
) TYPE=MyISAM  AUTO_INCREMENT=164508 ;

--
-- Дамп данных таблицы `stats_fail_auto_tmp`
--

INSERT INTO `stats_fail_auto_tmp` (`id`, `name`, `percent`, `date`) VALUES
(164439, 'A100', 0.6, '2014-10-22'),
(164441, 'A102', 1.44, '2014-10-22'),
(164443, 'A103', 0, '2014-10-22'),
(164445, 'A104', 1.59, '2014-10-22'),
(164447, 'A131', 1.01, '2014-10-22'),
(164449, 'A107', 0.88, '2014-10-22'),
(164451, 'A132', 2.1, '2014-10-22'),
(164453, 'A109', 0.64, '2014-10-22'),
(164455, 'A111', 0.85, '2014-10-22'),
(164457, 'A112', 2.62, '2014-10-22'),
(164459, 'A113', 0.53, '2014-10-22'),
(164461, 'A114', 1.01, '2014-10-22'),
(164463, 'A115', 1.23, '2014-10-22'),
(164465, 'A116', 0.81, '2014-10-22'),
(164467, 'A117', 0.63, '2014-10-22'),
(164469, 'A118', 1.62, '2014-10-22'),
(164471, 'A119', 1.52, '2014-10-22'),
(164473, 'A120', 0.97, '2014-10-22'),
(164475, 'A121', 0.62, '2014-10-22'),
(164477, 'A122', 1.65, '2014-10-22'),
(164479, 'A123', 1.8, '2014-10-22'),
(164481, 'A124', 0, '2014-10-22'),
(164483, 'A125', 0.73, '2014-10-22'),
(164485, 'A126', 0.79, '2014-10-22'),
(164487, 'A127', 1.61, '2014-10-22'),
(164489, 'A128', 1.25, '2014-10-22'),
(164491, 'A129', 0.9, '2014-10-22'),
(164493, 'A130', 0, '2014-10-22'),
(164495, 'A134', 0.54, '2014-10-22'),
(164497, 'A135', 2.28, '2014-10-22'),
(164499, 'A101', 1.36, '2014-10-22'),
(164501, 'A133', 0.91, '2014-10-22'),
(164503, 'A136', 0.96, '2014-10-22'),
(164505, 'A105', 1.59, '2014-10-22'),
(164507, 'A137', 0.49, '2014-10-22');

-- --------------------------------------------------------

--
-- Структура таблицы `tmp_stats`
--

CREATE TABLE IF NOT EXISTS `tmp_stats` (
  `id` int(10) unsigned NOT NULL DEFAULT '0',
  `id_modem` int(10) unsigned NOT NULL DEFAULT '0',
  `mac_ap` char(20) NOT NULL DEFAULT '',
  `signal_level` tinyint(4) NOT NULL DEFAULT '0',
  `date` date NOT NULL DEFAULT '0000-00-00',
  `time` time NOT NULL DEFAULT '00:00:00',
  `status` smallint(6) NOT NULL DEFAULT '0',
  `x` smallint(6) DEFAULT '0',
  `y` smallint(6) DEFAULT '0',
  PRIMARY KEY (`id`),
  KEY `id_modem` (`id_modem`),
  KEY `mac_ap` (`mac_ap`),
  KEY `signal_level` (`signal_level`),
  KEY `date` (`date`),
  KEY `time` (`time`),
  KEY `status` (`status`),
  KEY `x` (`x`),
  KEY `y` (`y`)
) TYPE=MyISAM;

-- --------------------------------------------------------

--
-- Структура таблицы `users`
--

CREATE TABLE IF NOT EXISTS `users` (
  `ID` int(11) NOT NULL AUTO_INCREMENT,
  `Login` varchar(50) NOT NULL,
  `password_md5` varchar(200) DEFAULT NULL,
  `FIO` varchar(100) DEFAULT NULL,
  PRIMARY KEY (`ID`),
  UNIQUE KEY `Login` (`Login`)
) TYPE=MyISAM COMMENT='Таблица пользоватлей системы' AUTO_INCREMENT=1 ;

-- --------------------------------------------------------

--
-- Структура таблицы `workers`
--

CREATE TABLE IF NOT EXISTS `workers` (
  `ID` int(11) NOT NULL AUTO_INCREMENT,
  `Family` varchar(50) NOT NULL,
  `Name` varchar(50) DEFAULT NULL,
  `Second_Name` varchar(50) DEFAULT NULL,
  `user` int(11) DEFAULT NULL COMMENT 'Ссылка на таблицу пользовтелей',
  PRIMARY KEY (`ID`)
) TYPE=MyISAM COMMENT='Работники учствка' AUTO_INCREMENT=1 ;

-- --------------------------------------------------------

--
-- Структура таблицы `workexecution`
--

CREATE TABLE IF NOT EXISTS `workexecution` (
  `ID` int(11) NOT NULL AUTO_INCREMENT,
  `WorkOrder` int(11) NOT NULL,
  `Date` date NOT NULL,
  `Time` time NOT NULL,
  `comment` text,
  PRIMARY KEY (`ID`)
) TYPE=MyISAM COMMENT='Выполнение работ' AUTO_INCREMENT=1 ;

-- --------------------------------------------------------

--
-- Структура таблицы `workexecution_workers`
--

CREATE TABLE IF NOT EXISTS `workexecution_workers` (
  `ID` int(11) NOT NULL AUTO_INCREMENT,
  `WorkExecution` int(11) NOT NULL COMMENT 'Работа',
  `Worker` int(11) NOT NULL COMMENT 'Работник, выполнявший работу',
  PRIMARY KEY (`ID`)
) TYPE=MyISAM COMMENT='Какие работники выполняли какие работы' AUTO_INCREMENT=1 ;

-- --------------------------------------------------------

--
-- Структура таблицы `workorders`
--

CREATE TABLE IF NOT EXISTS `workorders` (
  `ID` int(11) NOT NULL,
  `Date` date NOT NULL,
  `Time` time NOT NULL,
  `equipment_type` int(11) DEFAULT NULL COMMENT 'Ссылка на тип оборудовния',
  `equipment` int(11) DEFAULT NULL COMMENT 'ID оборудования',
  `failure` int(11) NOT NULL,
  `completed` tinyint(1) NOT NULL COMMENT 'Статус заявки. Выполнено или нет'
) TYPE=MyISAM COMMENT='Заявки на выполнение работ';

/*!40101 SET CHARACTER_SET_CLIENT=@OLD_CHARACTER_SET_CLIENT */;
/*!40101 SET CHARACTER_SET_RESULTS=@OLD_CHARACTER_SET_RESULTS */;
/*!40101 SET COLLATION_CONNECTION=@OLD_COLLATION_CONNECTION */;
